drel.by;name;cost for user;cost 2 ;manufacturer;f8;f3;rating;f5;f7;f9;f10;enabled;url;title;description;keywords;anons
38917;Станок деревообрабатывающий БЕЛМАШ СДМ 2200 Мастер Практик;340.659340659341;430;23219;;;5;;;;;;praktik2200;Станок деревообрабатывающий БЕЛМАШ Мастер-Практик 2200 Купить в Минске!;Станок деревообрабатывающий БЕЛМАШ Мастер-Практик 2200 Купить в Минске!;Станок деревообрабатывающий БЕЛМАШ Мастер-Практик 2200 Купить в Минске!;"Идеальное соотношение цена-параметры-качество для частных мастерских!
"
39268;Станок деревообрабатывающий БЕЛМАШ СДМП-2200;271.978021978022;372.49;23219;;;;;;;;;sdmp-2200;Станок деревообрабатывающий БЕЛМАШ СДМП-2200;Станок деревообрабатывающий БЕЛМАШ СДМП-2200;Станок деревообрабатывающий БЕЛМАШ СДМП-2200;"Новинка! Еще лучше, еще надежнее!
"
38916;Станок деревообрабатывающий БЕЛМАШ Мастер-Практик 2500 - цена действительна до 31 марта!;408.241758241758;490;23219;;;5;;;;;;praktik2500;Станок деревообрабатывающий БЕЛМАШ Мастер-Практик 2500 Купить в Минске!;Станок деревообрабатывающий БЕЛМАШ Мастер-Практик 2500 Купить в Минске!;Станок деревообрабатывающий БЕЛМАШ Мастер-Практик 2500 Купить в Минске!;
22915;Станок деревообрабатывающий БЕЛМАШ СДМ-2500;361.538461538462;520;23219;;yes;5;;;;;;sdm2500;Станок деревообрабатывающий БЕЛМАШ Мастер-Практик 2500 Купить в Минске!;Станок деревообрабатывающий БЕЛМАШ Мастер-Практик 2500 Купить в Минске!;Станок деревообрабатывающий БЕЛМАШ Мастер-Практик 2500 Купить в Минске!;
38918;Станок деревообрабатывающий БЕЛМАШ Мастер-Практик 2000 - цена действительна до 31 марта!;336.813186813187;400;23219;;;4;;;;;;praktik2000;Станок деревообрабатывающий БЕЛМАШ Мастер-Практик 2000 Купить в Минске!;Станок деревообрабатывающий БЕЛМАШ Мастер-Практик 2000 Купить в Минске!;Станок деревообрабатывающий БЕЛМАШ Мастер-Практик 2000 Купить в Минске!;
38915;Станок деревообрабатывающий БЕЛМАШ Мастер-Практик 2000 (CДМ-2000);313.186813186813;475;23219;;;4;;;;;;praktik2000;Станок деревообрабатывающий БЕЛМАШ Мастер-Практик 2000 Купить в Минске!;Станок деревообрабатывающий БЕЛМАШ Мастер-Практик 2000 Купить в Минске!;Станок деревообрабатывающий БЕЛМАШ Мастер-Практик 2000 Купить в Минске!;"Новинка! 2000 Вт, 230 В, Строгание(ШхГл) - 230х3мм, глубина пропила - 85мм
"
38913;Станок деревообрабатывающий БЕЛМАШ Мастер-Практик 2500 (CДМ-2500);361.538461538462;565;23219;;;5;;;;;;praktik2500;Станок деревообрабатывающий БЕЛМАШ Мастер-Практик 2500 Купить в Минске!;Станок деревообрабатывающий БЕЛМАШ Мастер-Практик 2500 Купить в Минске!;Станок деревообрабатывающий БЕЛМАШ Мастер-Практик 2500 Купить в Минске!;"Новинка!  2500 Вт, 230 В, Строгание(ШхГл) - 270х3мм, глубина пропила - 117мм
"
38914;Станок деревообрабатывающий БЕЛМАШ Мастер-Практик 2200 (CДМ-2200);340.659340659341;515;23219;;yes;5;;;;;;praktik2200;Станок деревообрабатывающий БЕЛМАШ Мастер-Практик 2200 Купить в Минске!;Станок деревообрабатывающий БЕЛМАШ Мастер-Практик 2200 Купить в Минске!;Станок деревообрабатывающий БЕЛМАШ Мастер-Практик 2200 Купить в Минске!;"Новинка! 2200 Вт, 230 В, Строгание(ШхГл) - 250х3мм, глубина пропила - 100мм
"
22917;Станок деревообрабатывающий БЕЛМАШ СДМ-2000;313.186813186813;428;23219;;;4;;;;;;sdm2000;Станок деревообрабатывающий БЕЛМАШ Мастер-Практик 2000 Купить в Минске!;Станок деревообрабатывающий БЕЛМАШ Мастер-Практик 2000 Купить в Минске!;Станок деревообрабатывающий БЕЛМАШ Мастер-Практик 2000 Купить в Минске!;"При самовывозе в подарок электрический чайник Galaxy 2000 Вт!!!
"
39269;Станок деревообрабатывающий БЕЛМАШ Могилев 2.4;238.461538461538;331.7;23219;;;;;;;;;belmash2-4;Станок деревообрабатывающий БЕЛМАШ Могилев 2.4;Станок деревообрабатывающий БЕЛМАШ Могилев 2.4;Станок деревообрабатывающий БЕЛМАШ Могилев 2.4;"Новинка! Удобен в переналадке, 2.4 кВт!
"
39270;Станок деревообрабатывающий БЕЛМАШ Универсал-2000;217.032967032967;298.44;23219;;;;;;;;;universal2000;Станок деревообрабатывающий БЕЛМАШ Универсал-2000;Станок деревообрабатывающий БЕЛМАШ Универсал-2000;Станок деревообрабатывающий БЕЛМАШ Универсал-2000;"Новинка! Легкий и компактный!
"
39273;Станок многофункциональный БЕЛМАШ УНИВЕРСАЛ-2500Е;296.703296703297;400;23219;;;;;;;;;universal2500e;Станок деревообрабатывающий многофункциональный БЕЛМАШ Универсал-2500Е;Станок деревообрабатывающий многофункциональный БЕЛМАШ Универсал-2500Е;Станок деревообрабатывающий многофункциональный, БЕЛМАШ Универсал-2500Е, купить, Минск;"Новинка! Широкий функционал по отличной цене
"
39274;Станок деревообрабатывающий БЕЛМАШ CДМ-2200;340.659340659341;470;23219;;yes;5;;;;;;sdm2200;Станок деревообрабатывающий БЕЛМАШ Мастер-Практик 2200 Купить в Минске!;Станок деревообрабатывающий БЕЛМАШ Мастер-Практик 2200 Купить в Минске!;Станок деревообрабатывающий БЕЛМАШ Мастер-Практик 2200 Купить в Минске!;"Новинка! 2200 Вт, 230 В, Строгание(ШхГл) - 250х3мм, глубина пропила - 100мм
"
39292;Акция! БЕЛМАШ СДМ-2000 + Прижимное устройство БЕЛМАШ УП-2000;333.516483516483;390.625;23219;;;5;;;;;;sdm2000-koplekt;Акция! БЕЛМАШ СДМ-2000 + Прижимное устройство БЕЛМАШ УП-2000;Станок деревообрабатывающий БЕЛМАШ Мастер-Практик 2000 Купить в Минске!;Станок деревообрабатывающий БЕЛМАШ Мастер-Практик 2000 Купить в Минске!;
39293;Акция! БЕЛМАШ СДМ-2500 + Прижимное устройство БЕЛМАШ УП-2500;382.967032967033;453.125;23219;;;5;;;;;;sdm2500-koplekt;Станок деревообрабатывающий БЕЛМАШ Мастер-Практик 2500 Купить в Минске!;Станок деревообрабатывающий БЕЛМАШ Мастер-Практик 2500 Купить в Минске!;Станок деревообрабатывающий БЕЛМАШ Мастер-Практик 2500 Купить в Минске!;
39294;Акция! БЕЛМАШ СДМ-2200 + Прижимное устройство БЕЛМАШ УП-2200;362.087912087912;421.875;23219;;;5;;;;;;sdm2200-koplekt;Акция! БЕЛМАШ СДМ-2200 + Прижимное устройство БЕЛМАШ УП-2200;Станок деревообрабатывающий БЕЛМАШ Мастер-Практик 2200 Купить в Минске!;Станок деревообрабатывающий БЕЛМАШ Мастер-Практик 2200 Купить в Минске!;
543;Деревообрабатывающий станок Мастер-Универсал Р;459.340659340659;590;5813;;;;;5661;;;;mu-r;Деревообрабатывающий станок Мастер-Универсал Р;Деревообрабатывающий станок Мастер-Универсал Р;Деревообрабатывающий станок Мастер-Универсал Р;"Всё в одном за доступные деньги!
"
546;Деревообрабатывающий станок Мастер-Универсал 2500Е;318.681318681319;418;5813;;yes;4;;;;;;mu2500e;Деревообрабатывающий станок Мастер-Универсал 2500Е;Деревообрабатывающий станок Мастер-Универсал 2500Е;Деревообрабатывающий станок Мастер-Универсал 2500Е;"Встроенное электронное устройство, позволяет станку работать в сетях с напряжением от 160В. Возможность пиления, строгания, сверления, долбежника, выборки четверти.
"
6250;Д/О станок Мастер-Универсал 2000;217.032967032967;270;5813;;yes;5;;;;;;mu2000;Деревообрабатывающий станок Мастер-Универсал 2000;Деревообрабатывающий станок Мастер-Универсал 2000;Деревообрабатывающий станок Мастер-Универсал 2000;"Единственный станок в РБ с литыми строгальными столами стоимостью менее 4 000 000руб!
"
19041;Деревообрабатывающий станок Мастер-Универсал 2200 (Прижимное ус-во в комплекте);285.714285714286;390;5813;;yes;5;;;;;;mu2200;Деревообрабатывающий станок Мастер-Универсал 2200;Деревообрабатывающий станок Мастер-Универсал 2200;Деревообрабатывающий станок Мастер-Универсал 2200;"Полный набор операций для бытовых нужд. Литые столы. Фреза и прижимное устройство в комплекте!!! 
"
